{
  "total_samples": 7068,
  "train_samples": 4947,
  "val_samples": 1060,
  "test_samples": 1061,
  "label_distribution": {
    "SENSITIVE": 3043,
    "SAFE": 2754,
    "UNSAFE": 1271
  },
  "category_distribution": {
    "ENVIRONMENT": 2233,
    "ARTS & CULTURE": 1968,
    "SPORTS": 1492,
    "SCIENCE": 1375
  },
  "stage1_weights_auto": {
    "NOT_UNSAFE": 0.6096869608084792,
    "UNSAFE": 2.7792134831460675
  },
  "stage1_weights_boosted": {
    "NOT_UNSAFE": 0.6096869608084792,
    "UNSAFE": 4.0
  },
  "stage2_weights": {
    "SAFE": 1.0521265560165975,
    "SENSITIVE": 0.9527947393142321
  },
  "random_seed": 42
}