{
  "epoch": 5,
  "val_acc": 0.8283018867924529,
  "val_loss": 0.39903264826358253,
  "safe_recall": 0.8228155339805825,
  "safe_precision": 0.887434554973822,
  "safe_f1": 0.853904282115869,
  "safe_auroc": 0.9596255843221864,
  "safe_auprc": 0.9346433089491794,
  "sensitive_recall": 0.8421052631578947,
  "sensitive_precision": 0.7852760736196319,
  "sensitive_f1": 0.8126984126984127,
  "sensitive_auroc": 0.9048957244103638,
  "sensitive_auprc": 0.8833252940668077,
  "unsafe_recall": 0.8072916666666666,
  "unsafe_precision": 0.8201058201058201,
  "unsafe_f1": 0.8136482939632546,
  "unsafe_auroc": 0.9606554819508448,
  "unsafe_auprc": 0.8628929213504813,
  "macro_f1": 0.826750329592512,
  "weighted_f1": 0.8288863328897728,
  "macro_auroc": 0.941725596894465,
  "macro_auprc": 0.8936205081221561,
  "combined_score": 0.8093926886792453
}