{
  "epoch": 1,
  "unsafe_recall": 0.8697916666666666,
  "unsafe_precision": 0.5369774919614148,
  "unsafe_f1": 0.6640159045725647,
  "val_acc": 0.840566037735849,
  "val_loss": 0.07517818074478809
}